<?xml version="1.0" encoding="utf-8"?>
<feed xmlns="http://www.w3.org/2005/Atom">
  <title>Keep</title>
  
  <subtitle>Hexo theme keep quick starter</subtitle>
  <link href="http://example.com/atom.xml" rel="self"/>
  
  <link href="http://example.com/"/>
  <updated>2023-10-17T03:37:27.000Z</updated>
  <id>http://example.com/</id>
  
  <author>
    <name>Keep Team</name>
    
  </author>
  
  <generator uri="https://hexo.io/">Hexo</generator>
  
  <entry>
    <title>Welcome to use Hexo Theme Keep</title>
    <link href="http://example.com/2022/10/25/welcome-to-use-hexo-theme-keep/"/>
    <id>http://example.com/2022/10/25/welcome-to-use-hexo-theme-keep/</id>
    <published>2022-10-25T03:40:36.000Z</published>
    <updated>2023-10-17T03:37:27.000Z</updated>
    
    <content type="html"><![CDATA[<p>Welcome to use Hexo Theme Keep.</p><p>This is your very first post. Check <a class="link"   href="https://keep-docs.xpoet.cn/" >documentation<i class="fas fa-external-link-alt"></i></a> for more info. If you get any problems when using Keep theme, you can ask me on <a class="link"   href="https://github.com/XPoet/hexo-theme-keep/issues" >GitHub<i class="fas fa-external-link-alt"></i></a>.</p><span id="more"></span><h2 id="Quick-Start"><a href="#Quick-Start" class="headerlink" title="Quick Start"></a>Quick Start</h2><h3 id="Create-a-new-post"><a href="#Create-a-new-post" class="headerlink" title="Create a new post"></a>Create a new post</h3><figure class="highlight bash"><table><tr><td class="gutter"><pre><span class="line">1</span><br></pre></td><td class="code"><pre><span class="line">$ hexo new <span class="string">&quot;My New Post&quot;</span></span><br></pre></td></tr></table></figure><p>More info: <a class="link"   href="https://hexo.io/docs/writing.html" >Writing<i class="fas fa-external-link-alt"></i></a></p><h3 id="Run-server"><a href="#Run-server" class="headerlink" title="Run server"></a>Run server</h3><figure class="highlight bash"><table><tr><td class="gutter"><pre><span class="line">1</span><br></pre></td><td class="code"><pre><span class="line">$ hexo server</span><br></pre></td></tr></table></figure><p>More info: <a class="link"   href="https://hexo.io/docs/server.html" >Server<i class="fas fa-external-link-alt"></i></a></p><h3 id="Generate-static-files"><a href="#Generate-static-files" class="headerlink" title="Generate static files"></a>Generate static files</h3><figure class="highlight bash"><table><tr><td class="gutter"><pre><span class="line">1</span><br></pre></td><td class="code"><pre><span class="line">$ hexo generate</span><br></pre></td></tr></table></figure><p>More info: <a class="link"   href="https://hexo.io/docs/generating.html" >Generating<i class="fas fa-external-link-alt"></i></a></p><h3 id="Deploy-to-remote-sites"><a href="#Deploy-to-remote-sites" class="headerlink" title="Deploy to remote sites"></a>Deploy to remote sites</h3><figure class="highlight bash"><table><tr><td class="gutter"><pre><span class="line">1</span><br></pre></td><td class="code"><pre><span class="line">$ hexo deploy</span><br></pre></td></tr></table></figure><p>More info: <a class="link"   href="https://hexo.io/docs/one-command-deployment.html" >Deployment<i class="fas fa-external-link-alt"></i></a></p>]]></content>
    
    
    <summary type="html">&lt;p&gt;Welcome to use Hexo Theme Keep.&lt;/p&gt;
&lt;p&gt;This is your very first post. Check &lt;a class=&quot;link&quot;   href=&quot;https://keep-docs.xpoet.cn/&quot; &gt;documentation&lt;i class=&quot;fas fa-external-link-alt&quot;&gt;&lt;/i&gt;&lt;/a&gt; for more info. If you get any problems when using Keep theme, you can ask me on &lt;a class=&quot;link&quot;   href=&quot;https://github.com/XPoet/hexo-theme-keep/issues&quot; &gt;GitHub&lt;i class=&quot;fas fa-external-link-alt&quot;&gt;&lt;/i&gt;&lt;/a&gt;.&lt;/p&gt;</summary>
    
    
    
    <category term="Hexo" scheme="http://example.com/categories/Hexo/"/>
    
    
    <category term="Hexo" scheme="http://example.com/tags/Hexo/"/>
    
    <category term="Keep" scheme="http://example.com/tags/Keep/"/>
    
  </entry>
  
</feed>
